{
    "INT_cAC_noljp": {
        "step_-0.4": {
            "soma": {
                "voltage_deflection": [
                    -19.772462606879138, 
                    2.0331488835160232
                ], 
                "voltage_base": [
                    -74.617595464571281, 
                    2.1406043489404434
                ] 
            }
        }, 
        "step_-0.2": {
            "soma": {
                "voltage_deflection": [
                    -9.8592414530085275, 
                    1.0756047499453203
                ], 
                "voltage_base": [
                    -74.958502205679622, 
                    2.8687510144772368
                ] 
            }
        }, 
        "step_0.2": {
            "soma": {
                "voltage_base": [
                    -74.845185414943458, 
                    3.3177154016535253
                ], 
                "Spikecount": [
                    0.83333333333333337, 
                    1.178511301977579
                ], 
                "time_to_last_spike": [
                    65.933333333330424, 
                    93.24381421246197
                ], 
                "inv_time_to_first_spike": [
                    4.7976293755208017, 
                    6.7848725301010786
                ], 
                "inv_first_ISI": [
                    4.303645236358828, 
                    6.0862734609010181
                ], 
                "inv_second_ISI": [
                    1.8115942028986538, 
                    2.5619810912557526
                ], 
                "inv_last_ISI": [
                    3.6350807090986113, 
                    5.1407804391280632
                ]
            }
        }, 
        "step_0.4": {
            "soma": {
                "voltage_base": [
                    -74.858092087124263, 
                    3.0586117338607139
                ], 
                "Spikecount": [
                    7.916666666666667, 
                    4.8232653761625937
                ], 
                "time_to_last_spike": [
                    276.66666666668061, 
                    89.379130052212133
                ], 
                "inv_time_to_first_spike": [
                    72.800014735086052, 
                    51.421204309459696
                ], 
                "inv_first_ISI": [
                    38.723741122297035, 
                    25.547322916112343
                ], 
                "inv_second_ISI": [
                    30.73502681555151, 
                    18.07827286753977
                ], 
                "inv_third_ISI": [
                    30.73729153337209, 
                    21.876012860164895
                ], 
                "inv_fourth_ISI": [
                    21.401342932533151, 
                    16.109844803048116
                ], 
                "inv_fifth_ISI": [
                    21.214536633910544, 
                    16.126200420426056
                ], 
                "inv_last_ISI": [
                    16.597975225602092, 
                    10.712045029449829
                ]
            }
        }, 
        "step_0.6": {
            "soma": {
                "mean_frequency": [
                    43.108703727528955, 
                    16.839882155191592
                ], 
                "time_to_first_spike": [
                    14.191666666666725, 
                    12.79590320723325
                ], 
                "AHP_depth": [
                    13.080620388908679, 
                    2.6743914214605855
                ], 
                "voltage_base": [
                    -74.66158843396731, 
                    3.3100121810649386
                ], 
                "Spikecount": [
                    15.666666666666666, 
                    7.5231125355282451
                ], 
                "time_to_last_spike": [
                    347.74166666668742, 
                    47.006782902996981
                ], 
                "inv_time_to_first_spike": [
                    157.45661983731873, 
                    71.903197582189136
                ], 
                "inv_first_ISI": [
                    75.991471540380829, 
                    40.954741038907549
                ], 
                "inv_second_ISI": [
                    72.917500412983841, 
                    29.609186495643829
                ], 
                "inv_third_ISI": [
                    67.761737965650283, 
                    28.646113231922609
                ], 
                "inv_fourth_ISI": [
                    61.180183106227588, 
                    26.892130765555414
                ], 
                "inv_fifth_ISI": [
                    53.562937358032713, 
                    35.227018000669268
                ], 
                "inv_last_ISI": [
                    37.221819228798928, 
                    2.6186282096548603
                ] 
            }
        }, 
        "step_0.8": {
            "soma": {
                "mean_frequency": [
                    65.789348734818844, 
                    24.722104261042126
                ], 
                "time_to_first_spike": [
                    5.5416666666669157, 
                    2.7737109117971257
                ], 
                "AHP_depth": [
                    19.979322409529786, 
                    6.478137065832601
                ], 
                "voltage_base": [
                    -74.624910394265015, 
                    3.4887078776631593
                ], 
                "Spikecount": [
                    23.166666666666668, 
                    8.5642992837839476
                ], 
                "time_to_last_spike": [
                    351.52500000001965, 
                    29.34682691536403
                ], 
                "inv_time_to_first_spike": [
                    251.36896546056482, 
                    64.96255937673827
                ], 
                "inv_first_ISI": [
                    122.74467560159719, 
                    31.383384092250992
                ], 
                "inv_second_ISI": [
                    113.52329067802445, 
                    29.382204093889705
                ], 
                "inv_third_ISI": [
                    109.42825236807131, 
                    29.034011356880356
                ], 
                "inv_fourth_ISI": [
                    100.67639053637515, 
                    30.106337361188881
                ], 
                "inv_fifth_ISI": [
                    99.493571489969256, 
                    29.371455491631448
                ], 
                "inv_last_ISI": [
                    59.240254545071764, 
                    5.7849360170680608
                ]
            }
        }
    }
}